k,odd_f,odd_spec,powers2_f,powers2_spec
1,1,[0],1,[0]
2,2,"[0, 2]",2,"[0, 1]"
3,4,"[0, 1, 2, 3]",3,"[0, 1, 2]"
4,5,"[0, 1, 2, 3, 4]",4,"[0, 1, 2, 3]"
5,5,"[0, 1, 2, 3, 4]",5,"[0, 1, 2, 3, 4]"
6,6,"[0, 1, 2, 3, 4, 5]",6,"[0, 1, 2, 3, 4, 5]"
7,6,"[0, 1, 2, 3, 4, 5]",7,"[0, 1, 2, 3, 4, 5, 6]"
8,7,"[0, 1, 2, 3, 4, 5, 6]",8,"[0, 1, 2, 3, 4, 5, 6, 7]"
9,7,"[0, 1, 2, 3, 4, 5, 6]",9,"[0, 1, 2, 3, 4, 5, 6, 7, 8]"
10,7,"[0, 1, 2, 3, 4, 5, 6]",10,"[0, 1, 2, 3, 4, 5, 6, 7, 8, 9]"
11,7,"[0, 1, 2, 3, 4, 5, 6]",11,"[0, 1, 2, 3, 4, 5, 6, 7, 8, 9, 10]"
12,8,"[0, 1, 2, 3, 4, 5, 6, 7]",12,"[0, 1, 2, 3, 4, 5, 6, 7, 8, 9, 10, 11]"
13,8,"[0, 1, 2, 3, 4, 5, 6, 7]",13,"[0, 1, 2, 3, 4, 5, 6, 7, 8, 9, 10, 11, 12]"
14,8,"[0, 1, 2, 3, 4, 5, 6, 7]",14,"[0, 1, 2, 3, 4, 5, 6, 7, 8, 9, 10, 11, 12, 13]"
15,8,"[0, 1, 2, 3, 4, 5, 6, 7]",15,"[0, 1, 2, 3, 4, 5, 6, 7, 8, 9, 10, 11, 12, 13, 14]"
16,9,"[0, 1, 2, 3, 4, 5, 6, 7, 8]",16,"[0, 1, 2, 3, 4, 5, 6, 7, 8, 9, 10, 11, 12, 13, 14, 15]"
