k,max_f,consecutive,span,gaps,spectrum,example
5,7,False,8,[6],"[0, 1, 2, 3, 4, 5, 7]","[27281, 357773, 496779, 767752, 953559]"
6,9,True,9,[],"[0, 1, 2, 3, 4, 5, 6, 7, 8]","[348431, 8490097, 31223819, 134369606, 168993797, 541456038]"
7,11,False,12,[10],"[0, 1, 2, 3, 4, 5, 6, 7, 8, 9, 11]","[26774, 207929, 1028372, 33632797, 67419454, 201464428, 537504197]"
8,12,True,12,[],"[0, 1, 2, 3, 4, 5, 6, 7, 8, 9, 10, 11]","[1, 514709, 841750, 4999923, 33726849, 273454946, 537038989, 554502280]"
9,14,False,16,"[13, 14]","[0, 1, 2, 3, 4, 5, 6, 7, 8, 9, 10, 11, 12, 15]","[276798, 621390, 2362479, 5937313, 17065901, 43269764, 69418430, 84709282, 135045809]"
10,16,False,21,"[12, 16, 17, 18, 19]","[0, 1, 2, 3, 4, 5, 6, 7, 8, 9, 10, 11, 13, 14, 15, 20]","[364004, 1148733, 28990032, 204428946, 225593011, 442342807, 549432020, 805984620, 864029074, 956223639]"
11,17,False,20,"[15, 17, 18]","[0, 1, 2, 3, 4, 5, 6, 7, 8, 9, 10, 11, 12, 13, 14, 16, 19]","[21551086, 34737841, 174268984, 184903529, 590722951, 742458162, 761807941, 856575528, 981613502, 992281316, 1028905722]"
12,19,True,19,[],"[0, 1, 2, 3, 4, 5, 6, 7, 8, 9, 10, 11, 12, 13, 14, 15, 16, 17, 18]","[10428, 20667, 688148, 1325075, 8870244, 33565293, 34561198, 70274800, 201559772, 324512698, 540117382, 671774184]"
13,20,False,21,[19],"[0, 1, 2, 3, 4, 5, 6, 7, 8, 9, 10, 11, 12, 13, 14, 15, 16, 17, 18, 20]","[2693272, 4065361, 4438014, 20753934, 68885302, 96760059, 135070043, 143203126, 282147625, 672865971, 806369303, 811679649, 891297149]"
14,21,True,21,[],"[0, 1, 2, 3, 4, 5, 6, 7, 8, 9, 10, 11, 12, 13, 14, 15, 16, 17, 18, 19, 20]","[25049, 100354, 335910, 452769, 1659771, 17907306, 21094622, 146897427, 151149415, 172971299, 268581040, 268869647, 571117346, 824548046]"
15,22,False,23,[20],"[0, 1, 2, 3, 4, 5, 6, 7, 8, 9, 10, 11, 12, 13, 14, 15, 16, 17, 18, 19, 21, 22]","[42949, 615413, 1289056, 7178838, 25708489, 66194092, 67223759, 76851683, 143370410, 151312324, 280818605, 302131250, 604273454, 909921092, 948183879]"
16,23,False,24,[21],"[0, 1, 2, 3, 4, 5, 6, 7, 8, 9, 10, 11, 12, 13, 14, 15, 16, 17, 18, 19, 20, 22, 23]","[86638, 163166, 168907, 268221, 379001, 405842, 1525535, 2423559, 9217746, 16797090, 27558940, 34407611, 67358362, 201949229, 537060521, 805378906]"
