k,max_f,consecutive,span,gaps,example
1,1,True,1,[],[4800]
2,2,True,2,[],"[22458, 36097]"
3,4,True,4,[],"[770, 3318, 43662]"
4,5,False,7,"[4, 5]","[11980, 22095, 34725, 40103]"
5,7,False,12,"[6, 7, 8, 9, 10]","[16890, 19926, 30654, 30768, 43122]"
6,9,False,10,[8],"[16372, 33904, 36029, 39887, 40147, 49121]"
7,10,True,10,[],"[5558, 12415, 12576, 14407, 36921, 37409, 42666]"
8,12,False,13,[12],"[9754, 22484, 25106, 34368, 37458, 40748, 42918, 43546]"
9,13,False,15,"[12, 13]","[10688, 13102, 15364, 23260, 30742, 36824, 38076, 42578, 43329]"
10,15,False,16,[14],"[11421, 12203, 18543, 22512, 29461, 29587, 34188, 43328, 45316, 48673]"
11,17,True,17,[],"[1774, 17399, 20317, 22897, 31753, 33099, 34542, 38845, 41908, 46926, 49229]"
12,18,True,18,[],"[8603, 14143, 17370, 20341, 20828, 23364, 28043, 28726, 32801, 36320, 37417, 45963]"
